,source,author,title,description,url,urlToImage,publishedAt,content
0,"{'id': 'bbc-news', 'name': 'BBC News'}",https://www.facebook.com/bbcnews,Coronavirus: Rescuing China's animals during the outbreak,"Activists are struggling to keep up as pet owners fall ill, are quarantined or abandon their animals.",https://www.bbc.co.uk/news/world-asia-china-51614957,https://ichef.bbci.co.uk/news/1024/branded_news/3670/production/_111063931_i.jpg,2020-02-29T02:40:14Z,"Image copyrightSuppliedImage caption
 Animal rescue groups say they are seeing an increasing number of animals abandoned across the country
Volunteers in China say they're struggling to keep up with the number of animals being abandoned as the country battl… [+4642 chars]"
1,"{'id': 'bbc-news', 'name': 'BBC News'}",https://www.facebook.com/bbcnews,Coronavirus: Hunt for source of UK-infected case,Officials are trying to find out how a man in Surrey caught Covid-19 and tracing those who he met.,https://www.bbc.co.uk/news/uk-51684624,https://ichef.bbci.co.uk/news/1024/branded_news/874E/production/_111083643_hi060309657.jpg,2020-02-29T02:27:24Z,"Image copyrightPA MediaImage caption
 The World Health Organization has raised its global risk assessment to its highest level
Health officials are trying to discover how a man in England caught coronavirus, after he became the first person to infected with… [+5507 chars]"
2,"{'id': 'bbc-news', 'name': 'BBC News'}",https://www.facebook.com/bbcnews,Kizito Mihigo: The Rwandan gospel singer who died in a police cell,"Rwandan genocide survivor Kizito Mihigo, hailed as a national talent, was later accused of treason.",https://www.bbc.co.uk/news/world-africa-51667168,https://ichef.bbci.co.uk/news/1024/branded_news/0D76/production/_111064430_kizedit.jpg,2020-02-29T02:27:13Z,"Image copyrightKizito Mihigo/Facebook
Rwandan gospel singer Kizito Mihigo was at one time hailed as a great national talent but then he was accused of being a traitor. He was recently found dead, at the age of 38, in a police cell. The BBC's Great Lakes Serv… [+8628 chars]"
3,"{'id': 'bbc-news', 'name': 'BBC News'}",https://www.facebook.com/bbcnews,Delhi riots: Muslim women recall horror of Molotov cocktails and arson,Religious violence in the Indian capital has left thousands staring at a bleak future.,https://www.bbc.co.uk/news/world-asia-india-51670096,https://ichef.bbci.co.uk/news/1024/branded_news/D12B/production/_111074535_0c03f6ae-5e38-4e86-872d-ef2ebb1761e7.jpg,2020-02-29T02:24:31Z,"Image caption
 Women and children take refuge in the Indira Vihar shelter
The deadly religious riots that have swept parts of the Indian capital are proving that women and children are often the most vulnerable victims in any conflict, writes the BBC's Geet… [+5606 chars]"
4,"{'id': 'bbc-news', 'name': 'BBC News'}",,Women's T20 World Cup: Fargana Hoque produces 'phenomenal' catch,Fargana Hoque produces a 'phenomenal piece of fielding' to dispatch New Zealand's Anna Peterson during Bangladesh's Women's T20 World Cup game against New Zealand.,https://www.bbc.co.uk/sport/av/cricket/51685798,https://ichef.bbci.co.uk/live-experience/cps/624/cpsprodpb/1E9E/production/_111083870_v2mmt20banphenominalcatchv2.10_00_21_13.still002.jpg,2020-02-29T02:12:14Z,
5,"{'id': 'bbc-news', 'name': 'BBC News'}",https://www.facebook.com/bbcnews,Most graduates still gain financially from degrees,"But one in five would have been better off not going to university, says research.",https://www.bbc.co.uk/news/education-51676530,https://ichef.bbci.co.uk/news/1024/branded_news/E8CD/production/_111079595_students12.jpg,2020-02-29T01:15:11Z,"Image copyrightGetty ImagesImage caption
 University leaders say the value of higher education should be measured in more than just earning power
Higher pay still makes it financially beneficial to go to university for most students in England, says researc… [+5015 chars]"
6,"{'id': 'bbc-news', 'name': 'BBC News'}",https://www.facebook.com/bbcnews,Fish oil supplements offer 'little or no benefit' against cancer,Research suggests omega-3 supplements may not be as beneficial as previously suggested.,https://www.bbc.co.uk/news/health-51674313,https://ichef.bbci.co.uk/news/1024/branded_news/0F6B/production/_111074930_gettyimages-1148172852.jpg,2020-02-29T01:12:54Z,"Image copyrightGetty ImagesImage caption
 The global market for omega-3 supplements has been estimated to be worth around $33bn (£25.6bn)
Taking omega-3 supplements offers ""little to no"" benefit against cancer, say experts. 
Consumption of fish oil supplem… [+2846 chars]"
7,"{'id': 'bbc-news', 'name': 'BBC News'}",,2020/02/29 01:00 GMT,The latest five minute news bulletin from BBC World Service.,https://www.bbc.co.uk/programmes/w172wy0v6f9npst,https://ichef.bbci.co.uk/images/ic/1200x675/p060dh18.jpg,2020-02-29T01:06:00Z,The latest five minute news bulletin from BBC World Service.
8,"{'id': 'bbc-news', 'name': 'BBC News'}",https://www.facebook.com/bbcnews,Margaret Thatcher: Former PM named outfits after Gorbachev and Reagan,"The ex-PM christened her wardrobe, papers show, with references to Mikhail Gorbachev and Ronald Reagan.",https://www.bbc.co.uk/news/uk-politics-51676773,https://ichef.bbci.co.uk/news/1024/branded_news/82A7/production/_111074433_pinkgorbachevgetty.jpg,2020-02-29T01:04:46Z,"Image copyrightGetty ImagesImage caption
 Margaret Thatcher wore a pink outfit while meeting Mikhail Gorbachev in London in April 1989
Margaret Thatcher named some of her outfits after other world leaders, including Mikhail Gorbachev and Ronald Reagan, newl… [+4272 chars]"
9,"{'id': 'bbc-news', 'name': 'BBC News'}",https://www.facebook.com/bbcnews,Could deepfakes be used to train office workers?,"A consultancy that makes business training videos is advertising for a ""deepfake expert"".",https://www.bbc.co.uk/news/technology-51064933,https://ichef.bbci.co.uk/news/1024/branded_news/0F04/production/_111044830_deepfakead.gif,2020-02-29T00:59:47Z,"Image copyrightLinkedInImage caption
 The response to Preswerx's advert, placed on business social network LinkedIn last month, has so far been disappointing
A consultancy that makes business training videos is advertising for a ""deepfake expert"" to create … [+5641 chars]"
10,"{'id': 'bbc-news', 'name': 'BBC News'}",https://www.facebook.com/bbcnews,Syria war: Refugees eye Europe as Turkey hits breaking point,Turkey says it is no longer preventing Syrians from leaving for Europe - and the refugees want to move.,https://www.bbc.co.uk/news/world-europe-51672915,https://ichef.bbci.co.uk/images/ic/1024x576/p0854w6w.jpg,2020-02-29T00:57:47Z,"Media captionSyrian refugee Halil is one of thousands waiting on the Turkish coast to get to Greece
Halil stands on a small, deserted beach on the western coast of Turkey, at the edge of the water. ""Look! it's so close"" he says, ""but reaching it is so hard.""… [+4111 chars]"
11,"{'id': 'bbc-news', 'name': 'BBC News'}",BBC News,Saving the banana,Scientists around the world are working on ideas that could stop banana crops being wiped out by Panama disease.,https://www.bbc.co.uk/news/av/stories-51633620/saving-the-banana,https://ichef.bbci.co.uk/news/1024/branded_news/17207/production/_111072749_p0852hxd.jpg,2020-02-29T00:49:46Z,
12,"{'id': 'bbc-news', 'name': 'BBC News'}",https://www.facebook.com/bbcnews,Coronavirus: 'I've been waiting four days for NHS 111 to call',People returning from travel report delays and contradictions when they seek coronavirus advice.,https://www.bbc.co.uk/news/uk-51660694,https://ichef.bbci.co.uk/news/1024/branded_news/147CC/production/_111061938_halltimms.jpg,2020-02-29T00:42:05Z,"Image caption
 Dean Hall has not heard back from 111, while Carole Timms received contradictory advice
A man who returned from Italy with a fever said he waited four days with no call back from NHS 111 clinicians.
Dean Hall, who works on IT projects involv… [+5359 chars]"
13,"{'id': 'bbc-news', 'name': 'BBC News'}",https://www.facebook.com/bbcnews,What are the chances of dying from coronavirus?,The current best guess of a 1% death rate does not apply to everyone.,https://www.bbc.co.uk/news/health-51674743,https://ichef.bbci.co.uk/news/1024/branded_news/4873/production/_111074581_gettyimages-1203459555.jpg,2020-02-29T00:40:15Z,"Image copyrightGetty ImagesImage caption
 More than 50 countries have now confirmed cases
Researchers currently think that between five and 40 coronavirus cases in 1,000 will result in death, with a best guess of nine in 1,000 or about 1%. 
But it depends … [+4058 chars]"
14,"{'id': 'bbc-news', 'name': 'BBC News'}",https://www.facebook.com/bbcnews,John Ratcliffe: Trump picks lawmaker again for US spy boss,Mr Ratcliffe's first nomination was withdrawn last year amid concerns he adorned his CV.,https://www.bbc.co.uk/news/world-us-canada-51684420,https://ichef.bbci.co.uk/news/1024/branded_news/09EA/production/_111083520_hi059509955.jpg,2020-02-29T00:35:23Z,"Image copyrightAFPImage caption
 Mr Ratcliffe's first nomination was withdrawn last year amid concerns that he padded his intelligence credentials
Donald Trump has, for a second time, nominated Republican lawmaker John Ratcliffe to serve as US Director of N… [+1690 chars]"
15,"{'id': 'bbc-news', 'name': 'BBC News'}",https://www.facebook.com/bbcnews,Gorgie farm welcomes the Dalry llama,The public will be able to walk with llamas at Love Gorgie Farm when it opens later to the public.,https://www.bbc.co.uk/news/uk-scotland-edinburgh-east-fife-51674019,https://ichef.bbci.co.uk/news/1024/branded_news/DED5/production/_104154075_gettyimages-154948449.jpg,2020-02-29T00:35:05Z,"Image copyrightGetty ImagesImage caption
 The public will be able to walk llamas at Love Gorgie Farm when it opens later to the public
Llamas, giant rabbits and reindeer are to feature at the new farm which is opening later on the Edinburgh site of the liqu… [+2217 chars]"
16,"{'id': 'bbc-news', 'name': 'BBC News'}",https://www.facebook.com/bbcnews,Why are Scottish councils closing their outdoor centres?,"Residential centres have given generations of schoolchildren a taste of outdoor life, but more are set to close this year.",https://www.bbc.co.uk/news/uk-scotland-51627635,https://ichef.bbci.co.uk/news/1024/branded_news/8878/production/_111063943_3eba1ca8-b93c-4cb7-822c-edc418d50c67.jpg,2020-02-29T00:34:40Z,"Image copyrightBlairvadach Outdoor Education CentreImage caption
 Outdoor centres like Blairvadach offer activities like hillwalking, mountain biking and climbing
Residential centres across Scotland have given generations of schoolchildren a chance to exper… [+8084 chars]"
17,"{'id': 'bbc-news', 'name': 'BBC News'}",https://www.facebook.com/bbcnews,Week in Pictures: 22-28 February,A gallery selection of news photographs taken around the world this week.,https://www.bbc.co.uk/news/in-pictures-51644666,https://ichef.bbci.co.uk/news/1024/branded_news/17CA7/production/_111074479_hi060239588.jpg,2020-02-29T00:33:01Z,"A selection of news photographs taken around the world this week.
Image copyrightLiu Xingzhe / EPAImage caption
 A couple kiss each other with their masks off while waiting for a train in Shanghai, China. More than a month since the Covid-19 outbreak, the s… [+3439 chars]"
18,"{'id': 'bbc-news', 'name': 'BBC News'}",https://www.facebook.com/bbcnews,Disabled train access: 'I feel less human' due to lack of lift,A 23-year-old says it is ridiculous disabled people still cannot get on trains after years of campaigning.,https://www.bbc.co.uk/news/uk-wales-51628453,https://ichef.bbci.co.uk/images/ic/1024x576/p08543nr.jpg,2020-02-29T00:27:25Z,"Media captionJoshua Reeves takes us around Cardiff to explain his access problems
A man with cerebral palsy has said he does ""not feel human"" due to not being able to get on trains.
Joshua Reeves, 23, is unable to access platforms at some stations across Wa… [+5163 chars]"
19,"{'id': 'bbc-news', 'name': 'BBC News'}",https://www.facebook.com/bbcnews,"Knife offenders lack male role models, says senior police officer","Senior officers says it is ""too easy"" to blame cuts, social media and drugs for a rise in offences.",https://www.bbc.co.uk/news/uk-51682870,https://ichef.bbci.co.uk/news/1024/branded_news/127D0/production/_111082757_060212074.jpg,2020-02-29T00:23:18Z,"Image copyrightPA Media
A lack of male role models is a key factor behind the increase in knife crime and gang violence, a senior police officer has suggested.
Bedfordshire Assistant Chief Constable Jackie Sebire said some young people who do not have the ""… [+3766 chars]"
20,"{'id': 'bbc-news', 'name': 'BBC News'}",BBC News,Making chopsticks into house furnishings,"ChopValue collects 350,000 used bamboo chopsticks from Vancouver restaurants every week.",https://www.bbc.co.uk/news/av/world-us-canada-51636832/making-chopsticks-into-house-furnishings,https://ichef.bbci.co.uk/news/1024/branded_news/612C/production/_111067842_p0850z55.jpg,2020-02-29T00:22:23Z,
21,"{'id': 'bbc-news', 'name': 'BBC News'}",https://www.facebook.com/bbcnews,Storm Jorge flooding: Wales braced for further wind and rain,Two weather warnings are in place for Saturday after travel was disrupted by heavy rain and floods.,https://www.bbc.co.uk/news/uk-wales-51679989,https://ichef.bbci.co.uk/news/1024/branded_news/9FE0/production/_111082904_8240f23d-244e-4431-8789-4a3ed5de0d08.png,2020-02-29T00:17:32Z,"Image copyrightMet OfficeImage caption
 Separate weather warnings are in place for wind and rain on Saturday
Wales is braced for further wind and rain on Saturday after several railway lines and roads were blocked by flooding on Friday. 
A Met Office weath… [+2110 chars]"
22,"{'id': 'bbc-news', 'name': 'BBC News'}",BBC News,Leap Year: What it's like being born on 29 February?,People around the world tell us what it's like being born on 29 February.,https://www.bbc.co.uk/news/av/world-51662371/leap-year-what-it-s-like-being-born-on-29-february,https://ichef.bbci.co.uk/news/1024/branded_news/7164/production/_111082092_p0854kzj.jpg,2020-02-29T00:17:17Z,
23,"{'id': 'bbc-news', 'name': 'BBC News'}",https://www.facebook.com/bbcnews,Northern trains run for last day under Arriva Rail North,"Passengers have faced delays, cancellations and strikes since new timetables were introduced in 2018.",https://www.bbc.co.uk/news/uk-england-51674914,https://ichef.bbci.co.uk/news/1024/branded_news/3FE5/production/_111075361_nr-nc.png,2020-02-29T00:10:49Z,"Image copyrightPA MediaImage caption
 German firm Arriva had been due to run Northern until 2025
Northern trains are running for the last day under Arriva Rail North before the government takes over control.
Passengers have faced widespread delays, cancell… [+3024 chars]"
24,"{'id': 'bbc-news', 'name': 'BBC News'}",BBC News,Leaplings: Oxfordshire pair meet to celebrate leap year birthday,"Pip and Mike say that having a leap year birthday is ""fantastic"".",https://www.bbc.co.uk/news/av/uk-england-oxfordshire-51676950/leaplings-oxfordshire-pair-meet-to-celebrate-leap-year-birthday,https://ichef.bbci.co.uk/news/1024/branded_news/17EA5/production/_111075979_p08533tp.jpg,2020-02-29T00:10:35Z,
25,"{'id': 'bbc-news', 'name': 'BBC News'}",BBC News,How calisthenics helped a former raver kickstart a new lifestyle,A former raver says calisthenics helped her through a difficult time and kickstarted a new lifestyle.,https://www.bbc.co.uk/news/av/uk-england-norfolk-51650337/how-calisthenics-helped-a-former-raver-kickstart-a-new-lifestyle,https://ichef.bbci.co.uk/news/1024/branded_news/15D0/production/_111048550_p084v3n2.jpg,2020-02-29T00:10:11Z,
26,"{'id': 'bbc-news', 'name': 'BBC News'}",BBC News,The Plant Whisperers. How can we better connect with nature?,Jade Cuttle puts electrodes onto plants and converts the energy from the leaves into music to better connect with nature.,https://www.bbc.co.uk/news/av/uk-england-london-51682902/the-plant-whisperers-how-can-we-better-connect-with-nature,https://ichef.bbci.co.uk/news/1024/branded_news/2592/production/_111081690_p0854h2n.jpg,2020-02-29T00:08:24Z,
27,"{'id': 'bbc-news', 'name': 'BBC News'}",https://www.facebook.com/bbcnews,The decade that shattered trust in politics,Laura Kuenssberg explores the scandals that shook faith in elites at the start of the 21st century.,https://www.bbc.co.uk/news/uk-politics-51679944,https://ichef.bbci.co.uk/news/1024/branded_news/145BB/production/_111078338_duckhouse.jpg,2020-02-29T00:08:19Z,"Image copyrightPA MediaImage caption
 A duck house claimed on expenses came to symbolise a Westminster scandal
Who do you trust? 
That's no small question. But it's a fundamental one when it comes to politics. 
For democracy to work well, voters have to h… [+3444 chars]"
28,"{'id': 'bbc-news', 'name': 'BBC News'}",https://www.facebook.com/bbcnews,Walkout as Polanksi wins 'best director' at Césars,The Polish-French director is wanted in the US for the statutory rape of a 13-year-old in the 1970s.,https://www.bbc.co.uk/news/world-europe-51684494,https://ichef.bbci.co.uk/news/1024/branded_news/12C63/production/_110699867_059522777.jpg,2020-02-29T00:06:09Z,"Image copyrightAFPImage caption
 Another woman accused Polanski of rape in November
Several actresses have walked out of the César awards ceremony in Paris after Roman Polanski, who was convicted of the statutory rape of a 13 year old in 1977, won best dire… [+777 chars]"
29,"{'id': 'bbc-news', 'name': 'BBC News'}",,2020/02/29 00:00 GMT,The latest five minute news bulletin from BBC World Service.,https://www.bbc.co.uk/programmes/w172wy0v6f9nl1p,https://ichef.bbci.co.uk/images/ic/1200x675/p060dh18.jpg,2020-02-29T00:06:00Z,The latest five minute news bulletin from BBC World Service.
30,"{'id': 'bbc-news', 'name': 'BBC News'}",BBC News,Latvia railway: Why I love living in an old train station,"Milda Romanova's home is an old rail station, and at 88 she still loves all things trains.",https://www.bbc.co.uk/news/av/world-europe-51680380/latvia-railway-why-i-love-living-in-an-old-train-station,https://ichef.bbci.co.uk/news/1024/branded_news/16CF4/production/_111082439_p0854rzh.jpg,2020-02-29T00:03:33Z,
31,"{'id': 'bbc-news', 'name': 'BBC News'}",,Mexico Open: Heather Watson reaches WTA final in Acapulco,Britain's Heather Watson is one win away from her first WTA title in almost four years after beating China's Wang Xiyu to reach the Mexican Open final.,https://www.bbc.co.uk/sport/tennis/51684520,https://ichef.bbci.co.uk/onesport/cps/624/cpsprodpb/0602/production/_111083510_watson.jpg,2020-02-29T00:01:21Z,"Heather Watson has reached her second WTA final in four months, following defeat in October's Tianjin Open final
Britain's Heather Watson is one win away from her first WTA title in almost four years after beating China's Wang Xiyu to reach the Mexican Open … [+786 chars]"
32,"{'id': 'bbc-news', 'name': 'BBC News'}",,Manchester City: Players to represent the club in the EFL Cup final,"As Manchester City prepare to play in the EFL Cup final for the fifth time in the last seven seasons, how many players can you name that have played in the previous four finals?",https://www.bbc.co.uk/sport/football/51621859,https://ichef.bbci.co.uk/onesport/cps/624/cpsprodpb/17586/production/_111022659_nasri_edited_getty.png,2020-02-28T23:45:20Z,"Manchester City are looking to win the trophy for the third season in a row
Manchester City travel to Wembley to face Aston Villa on Sunday in their fifth League Cup final in the last seven seasons.
The Blues have won all of the previous four finals; twice … [+280 chars]"
33,"{'id': 'bbc-news', 'name': 'BBC News'}",,BBC Women's Footballer of the Year 2020: Former players discuss nominees,Former international players including Kelly Smith and Heather O'Reilly discuss the five nominees for the BBC Women's Footballer of the Year award.,https://www.bbc.co.uk/sport/football/51459185,https://ichef.bbci.co.uk/onesport/cps/624/cpsprodpb/2AB8/production/_110863901_bbcwf.jpg,2020-02-28T23:45:04Z,"Media playback is not supported on this device
BBC Women's Footballer of the Year 2020: Meet the nominees
Voting for the BBC Women's Footballer of the Year 2020 will close at 09:00 GMT on Monday, 2 March - but there's still time for one last look at the nom… [+6987 chars]"
34,"{'id': 'bbc-news', 'name': 'BBC News'}",,WHO says global risk of the coronavirus is “very high”,"The BBC understands more than 200 people have died in Iran, as the outbreak worsens. Also: The UN describes the rising conflict in Idlib as one of the most alarming moments of the Syrian War, and the US and Taliban are set to sign a peace deal.",https://www.bbc.co.uk/programmes/p0855b4d,https://ichef.bbci.co.uk/images/ic/1200x675/p07zqpb8.jpg,2020-02-28T23:34:00Z,"The BBC understands more than 200 people have died in Iran, as the outbreak worsens. Also: The UN describes the rising conflict in Idlib as one of the most alarming moments of the Syrian War, and the US and Taliban are set to sign a peace deal."
35,"{'id': 'bbc-news', 'name': 'BBC News'}",https://www.facebook.com/bbcnews,What does Trump's new Denaturalisation Section do?,Critics are concerned by the rise in denaturalisation cases brought by the Trump administration.,https://www.bbc.co.uk/news/world-us-canada-51681840,https://ichef.bbci.co.uk/news/1024/branded_news/ED9C/production/_111082806_gettyimages-1168447120.jpg,2020-02-28T23:31:17Z,"Image copyrightGetty Images
The US Department of Justice (DOJ) announced this week that it has opened a division dedicated to denaturalisation - the process of revoking US citizenship from someone who was not born in the country.
More than 20 million US cit… [+6091 chars]"
36,"{'id': 'bbc-news', 'name': 'BBC News'}",https://www.facebook.com/bbcnews,Anak Krakatau: Lightning frenzy points to scale of volcanic plume,The 2018 volcanic eruption put so much ice into the sky it set off a huge display of lightning.,https://www.bbc.co.uk/news/science-environment-51681760,https://ichef.bbci.co.uk/news/1024/branded_news/16C95/production/_104933339_volcano_reu_23dec18.jpg,2020-02-28T23:25:06Z,"Image copyrightReutersImage caption
 A phreatomagmatic eruption occurs when water comes into direct contact with magma
The 2018 eruption of Anak Krakatau in Indonesia was remarkable in many ways.
It will be remembered, obviously, for the sudden flank colla… [+3533 chars]"
37,"{'id': 'bbc-news', 'name': 'BBC News'}",https://www.facebook.com/bbcnews,Trump urges Afghans to seize opportunity for peace,A deal will be signed with the Taliban on Saturday as the US prepares to exit Afghanistan.,https://www.bbc.co.uk/news/world-asia-51684190,https://ichef.bbci.co.uk/news/1024/branded_news/108E/production/_111083240_gettyimages-1203862769.jpg,2020-02-28T23:15:46Z,"Image copyrightAFPImage caption
 Residents in the eastern city of Jalalabad celebrated the reduction in violence on Friday
President Donald Trump has called on Afghans to embrace prospects for peace, as the US prepares to sign an agreement with the Taliban … [+4136 chars]"
38,"{'id': 'bbc-news', 'name': 'BBC News'}",,2020/02/28 23:00 GMT,The latest five minute news bulletin from BBC World Service.,https://www.bbc.co.uk/programmes/w172wy0v6f9ng9k,https://ichef.bbci.co.uk/images/ic/1200x675/p060dh18.jpg,2020-02-28T23:06:00Z,The latest five minute news bulletin from BBC World Service.
39,"{'id': 'bbc-news', 'name': 'BBC News'}",https://www.facebook.com/bbcnews,The Papers: 'War on virus' with emergency laws,The front pages continue to be dominated by the impact of the coronavirus on the UK.,https://www.bbc.co.uk/news/blogs-the-papers-51684050,https://ichef.bbci.co.uk/news/1024/branded_news/0EF4/production/_111082830_page1.jpg,2020-02-28T23:01:41Z,
40,"{'id': 'bbc-news', 'name': 'BBC News'}",,"Celtic v St Johnstone: Visitors must 'play angry', says Neil Lennon","Manager Neil Lennon is urging Celtic to ""play angry"" in Sunday's Scottish Cup tie against St Johnstone after their ""inexcusable"" Europa League exit.",https://www.bbc.co.uk/sport/football/51673928,https://ichef.bbci.co.uk/onesport/cps/624/cpsprodpb/1245/production/_111077640_19873682.jpg,2020-02-28T22:58:45Z,"Odsonne Edouard's penalty levelled the tie before Celtic's late collapse
Manager Neil Lennon is urging Celtic to ""play angry"" in Sunday's Scottish Cup tie against St Johnstone after their ""inexcusable"" Europa League exit.
The Premiership champions bowed out… [+1150 chars]"
41,"{'id': 'bbc-news', 'name': 'BBC News'}",,Norwich 1-0 Leicester - Brendan Rodgers says VAR decision on Kelechi Iheanacho goal harsh,Leicester boss Brendan Rodgers says the VAR decision to disallow a Kelechi Iheanacho goal was harsh on his side as they slipped to defeat at Carrow Road.,https://www.bbc.co.uk/sport/av/football/51684354,https://ichef.bbci.co.uk/live-experience/cps/624/cpsprodpb/3802/production/_111083341_p0855722.jpg,2020-02-28T22:57:38Z,"Leicester boss Brendan Rodgers says the VAR decision to disallow a Kelechi Iheanacho goal was harsh on his side as they slipped to defeat at Carrow Road.
MATCH REPORT: Norwich 1-0 Leicester
Watch highlights on Match of the Day on Saturday 29 February from 2… [+27 chars]"
42,"{'id': 'bbc-news', 'name': 'BBC News'}",,"Transfer rumours: Arrizabalaga, Chiesa, Ozil, Grealish, Lusamba, Werner","Arrizabalaga ready to quit Chelsea, Man Utd send scout to watch Fiorentina's Chiesa, Ozil's agent confirms he will stay at Arsenal, plus more.",https://www.bbc.co.uk/sport/football/51681861,https://ichef.bbci.co.uk/onesport/cps/624/cpsprodpb/2B82/production/_111083111_gettyimages-1196971601.jpg,2020-02-28T22:54:53Z,"Spain goalkeeper Kepa Arrizabalaga, 25, is prepared to quit Chelsea this summer after losing his place in the team. (Sun)
Arrizabalaga is ready to leave Stamford Bridge because manager Frank Lampard failed to honour a verbal agreement to keep him as Chelsea'… [+2355 chars]"
43,"{'id': 'bbc-news', 'name': 'BBC News'}",,Norwich 1-0 Leicester: Daniel Farke says underdog Canaries deserved victory,"Norwich boss Daniel Farke say his side can be ""pretty proud"" of a ""well-deserved"" win against Premier League high-flyers Leicester.",https://www.bbc.co.uk/sport/av/football/51684350,https://ichef.bbci.co.uk/live-experience/cps/624/cpsprodpb/16C9A/production/_111083339_p085566p.jpg,2020-02-28T22:46:43Z,"Norwich boss Daniel Farke say his side can be ""pretty proud"" of a ""well-deserved"" win against Premier League high-flyers Leicester.
MATCH REPORT: Norwich 1-0 Leicester
Watch highlights on Match of the Day on Saturday 29 February from 22:25 on BBC One and iP… [+5 chars]"
44,"{'id': 'bbc-news', 'name': 'BBC News'}",,Track Cycling World Championships - Laura Kenny on omnium crash,Laura Kenny says she was determined not to give up after crashing and cutting her face during the omnium scratch race at the Track Cycling World Championships.,https://www.bbc.co.uk/sport/av/cycling/51681083,https://ichef.bbci.co.uk/live-experience/cps/624/cpsprodpb/4201/production/_111079861_p0855249.jpg,2020-02-28T22:31:59Z,"Great Britain's Laura Kenny says she was determined not to give up after crashing and cutting her face during the omnium scratch race at the Track Cycling World Championships.
The two-time Olympic and world onmium champion needed stitches but went completed … [+309 chars]"
45,"{'id': 'bbc-news', 'name': 'BBC News'}",,Coronavirus risk upgraded to highest level,The authorities in Iran have announced that parliament has been suspended and schools closed. We hear from a journalist in Tehran about life in a “ghost town”. Also in the programme: a detailed look at the ramping up of tensions on the Turkey-Syria border; an…,https://www.bbc.co.uk/programmes/w172wq56p7q16rz,https://ichef.bbci.co.uk/images/ic/1200x675/p0854tv3.jpg,2020-02-28T22:18:00Z,The authorities in Iran have announced that parliament has been suspended and schools closed. We hear from a journalist in Tehran about life in a ghost town. Also in the programme: a detailed look at the ramping up of tensions on the Turkey-Syria border; and … [+164 chars]
46,"{'id': 'bbc-news', 'name': 'BBC News'}",https://www.facebook.com/bbcnews,Coronavirus: 'Self-isolating will cost me £600',Alex is back from a trip to Tenerife and is trying to help cut the risk of spreading coronavirus.,https://www.bbc.co.uk/news/business-51675200,https://ichef.bbci.co.uk/news/1024/branded_news/15BAF/production/_111070098_alex.jpg,2020-02-28T22:13:11Z,"Image copyrightAlexImage caption
 Alex is not being paid while self-isolating
""It's quite hard, even after two days. Cabin fever sets in, and not knowing whether you'll start to get symptoms is stressful.""
Alex, who is on a work placement with an ecologica… [+3547 chars]"
47,"{'id': 'bbc-news', 'name': 'BBC News'}",,2020/02/28 22:00 GMT,The latest five minute news bulletin from BBC World Service.,https://www.bbc.co.uk/programmes/w172wy0v6f9nbkf,https://ichef.bbci.co.uk/images/ic/1200x675/p060dh18.jpg,2020-02-28T22:06:00Z,The latest five minute news bulletin from BBC World Service.
48,"{'id': 'bbc-news', 'name': 'BBC News'}",BBC News,South Carolina primary: The biggest myth about the 'black vote',"We asked voters in South Carolina what they think when politicians talk about the ""black vote"".",https://www.bbc.co.uk/news/av/world-us-canada-51662971/south-carolina-primary-the-biggest-myth-about-the-black-vote,https://ichef.bbci.co.uk/news/1024/branded_news/8CC6/production/_111083063_p08551m1.jpg,2020-02-28T22:02:22Z,
49,"{'id': 'bbc-news', 'name': 'BBC News'}",BBC News,"Asia Bibi: 'I kept thinking, what is happening to me?'",A Pakistani Christian woman recounts the years she spent on death row for being convicted of blasphemy.,https://www.bbc.co.uk/news/av/world-asia-51683011/asia-bibi-i-kept-thinking-what-is-happening-to-me,https://ichef.bbci.co.uk/news/1024/branded_news/9608/production/_111080483_p0855121.jpg,2020-02-28T22:00:17Z,
50,"{'id': 'bbc-news', 'name': 'BBC News'}",https://www.facebook.com/bbcnews,Asia Bibi: I always believed I would be freed,The Pakistani Christian woman acquitted of blasphemy after years on death row says she hopes to one day return to Pakistan.,https://www.bbc.co.uk/news/world-asia-51658141,https://ichef.bbci.co.uk/images/ic/1024x576/p0855121.jpg,2020-02-28T22:00:06Z,"Media caption""I kept thinking, what is happening to me?"" - Asia Bibi remembers being taken to prison
Asia Bibi, the Pakistani Christian woman who spent years on death row after being convicted of blasphemy, says she always believed she would be freed.
Now l… [+5567 chars]"
51,"{'id': 'bbc-news', 'name': 'BBC News'}",,Lewis goal gives Norwich new hope of Premier League survival,Jamal Lewis' excellent long-range strike gives Norwich City a fifth win of the season and moves them closer to safety.,https://www.bbc.co.uk/sport/football/51581919,https://ichef.bbci.co.uk/onesport/cps/624/cpsprodpb/3BB7/production/_111078251_lewis.jpg,2020-02-28T21:54:00Z,"Right-back Max Aarons was the creator for the game's winning goal from left-back Jamal Lewis
Norwich moved to within four points of an unlikely escape from the Premier League relegation zone as Jamal Lewis' fine goal gave them a precious win against Leiceste… [+2279 chars]"
52,"{'id': 'bbc-news', 'name': 'BBC News'}",https://www.facebook.com/bbcnews,Five reasons why Canada's 'shutdown' is a big deal,"Justin Trudeau is under pressure, companies are getting spooked and farms are running low on fuel.",https://www.bbc.co.uk/news/world-us-canada-51636831,https://ichef.bbci.co.uk/news/1024/branded_news/A610/production/_111021524_hi060197657.jpg,2020-02-28T21:52:59Z,"Image copyrightReuters
Canadian Prime Minister Justin Trudeau is under pressure from all sides.
At the forefront is a conflict first sparked over indigenous opposition to a natural gas pipeline project, that has now evolved to include broader complex issues… [+8713 chars]"
53,"{'id': 'bbc-news', 'name': 'BBC News'}",https://www.facebook.com/bbcnews,Midrar Ali: Funeral held for baby at centre of legal fight,Midrar Ali's parents had urged St Mary's Hospital in Manchester to continue their son's treatment.,https://www.bbc.co.uk/news/uk-england-manchester-51683654,https://ichef.bbci.co.uk/news/1024/branded_news/F38E/production/_110205326_mirar.jpg,2020-02-28T21:48:00Z,"Image copyrightFamily HandoutImage caption
 Midrar Ali was starved of oxygen due to complications at birth
A funeral has been held for a baby boy who was at the centre of a legal fight.
Midrar Ali suffered complications at birth and doctors at St Mary's Ho… [+1268 chars]"
54,"{'id': 'bbc-news', 'name': 'BBC News'}",,Hibernian 5-2 Inverness Caledonian Thistle: Premiership side cruise by 10-man Championship side,Hibernian cruise into the Scottish Cup semi-finals with a storming victory over 10-man Inverness Caledonian Thistle at Easter Road.,https://www.bbc.co.uk/sport/football/51585973,https://ichef.bbci.co.uk/onesport/cps/624/cpsprodpb/0788/production/_111082910_19875665.jpg,2020-02-28T21:39:51Z,"Paul Hanlon's saved penalty did not herald a cup upset for Hibernian
A rampant Hibernian demolished Inverness Caledonian Thistle to storm into the Scottish Cup semi-finals. 
Adam Jackson, Scott Allan and Greg Docherty put the hosts 3-0 up at Easter Road aft… [+497 chars]"
55,"{'id': 'bbc-news', 'name': 'BBC News'}",https://www.facebook.com/bbcnews,Coronavirus: Drive through testing begins at Edinburgh hospital,"The chief medical officer warns it is ""just a matter of time"" before someone tests positive.",https://www.bbc.co.uk/news/uk-scotland-51678008,https://ichef.bbci.co.uk/news/1024/branded_news/F1C9/production/_111079816_drivetrhrutesting.jpg,2020-02-28T21:33:57Z,"Image caption
 A demonstration of how drive through testing is carried out in London
A ""drive through"" testing centre for Coronavirus has opened in Edinburgh amid warnings a positive case in Scotland is ""inevitable"".
Patients with appointments are being te… [+3533 chars]"
56,"{'id': 'bbc-news', 'name': 'BBC News'}",https://www.facebook.com/bbcnews,Derry police help man witness birth of son after car breakdown,"Two officers use the ""blues and twos"" and gave a lift to hospital to a man whose car had broken down.",https://www.bbc.co.uk/news/uk-northern-ireland-foyle-west-51671088,https://ichef.bbci.co.uk/news/1024/branded_news/827F/production/_111070433_psnibaby.png,2020-02-28T21:16:18Z,"Image copyrightStephen DalyImage caption
 Stephen Daly, his wife Natasha, their son Lucas and their new baby boy enjoyed a quiet family moment after the earlier fuss
Two police officers in Londonderry have been praised for helping a man get to hospital to w… [+1885 chars]"
57,"{'id': 'bbc-news', 'name': 'BBC News'}",,2020/02/28 21:00 GMT,The latest five minute news bulletin from BBC World Service.,https://www.bbc.co.uk/programmes/w172wy0v6f9n6t9,https://ichef.bbci.co.uk/images/ic/1200x675/p060dh18.jpg,2020-02-28T21:06:00Z,The latest five minute news bulletin from BBC World Service.
58,"{'id': 'bbc-news', 'name': 'BBC News'}",,Six Nations: Hallam Amos gives Wales fresh injury worry,"Wales have a new back-three injury worry as they prepare to face England in the Six Nations at Twickenham on Saturday, 7 March.",https://www.bbc.co.uk/sport/rugby-union/51679679,https://ichef.bbci.co.uk/onesport/cps/624/cpsprodpb/1613C/production/_111082409_cdf_011119_be_newzealand_v_wales_070.jpg,2020-02-28T20:57:10Z,"Hallam Amos last played for Wales as they lost in the 2019 World Cup bronze game against New Zealand
<table><tr><th>Guinness Six Nations: England v Wales</th></tr>
<tr><td>Venue: Twickenham Stadium Date: Saturday, 7 March Kick-off: 16:45 GMT</td></tr><tr><t… [+1801 chars]"
59,"{'id': 'bbc-news', 'name': 'BBC News'}",https://www.facebook.com/bbcnews,Man who dumped body after chemsex death jailed,The body of Hiran Chauhan was found wrapped in plastic in woodland a week after he went missing.,https://www.bbc.co.uk/news/uk-england-manchester-51680662,https://ichef.bbci.co.uk/news/1024/branded_news/3C3A/production/_111081451_mediaitem107819476.jpg,2020-02-28T20:44:18Z,"Image copyrightFamily photoImage caption
 Hiran Chauhan, 24, was reported missing following a shift at a El Capo bar in Manchester's Northern Quarter
A man who kept the body of a chef in his flat for five days after a fatal chemsex encounter has been jailed… [+1999 chars]"
60,"{'id': 'bbc-news', 'name': 'BBC News'}",https://www.facebook.com/bbcnews,US court reverses Trump's 'Remain in Mexico' policy,The rule requiring asylum seekers to wait in the Mexico is likely to head to the US Supreme Court.,https://www.bbc.co.uk/news/world-us-canada-51683430,https://ichef.bbci.co.uk/news/1024/branded_news/30F0/production/_111082521_gettyimages-1195533718.jpg,2020-02-28T20:40:36Z,"Image copyrightGetty ImagesImage caption
 Central American asylum seekers confronted by Mexico security officials last month
A US federal court has ruled that the Trump administration must halt its policy of requiring Central American asylum-seekers to wait… [+2324 chars]"
61,"{'id': 'bbc-news', 'name': 'BBC News'}",https://www.facebook.com/bbcnews,Joe Biden: what do we know about the former Vice-President?,"The former vice-president has 40 years of political experience to run on, and to defend.",https://www.bbc.co.uk/news/world-us-canada-51682000,https://ichef.bbci.co.uk/news/1024/branded_news/9F68/production/_111080804_gettyimages-1203462497.jpg,2020-02-28T20:34:11Z,"Image copyrightGetty Images
Former vice-president Joe Biden is staging his third run for the Democratic presidential nomination.
This time, he entered the race as the de facto frontrunner, the most well-known and well-liked candidate in the field. 
But the… [+4167 chars]"
62,"{'id': 'bbc-news', 'name': 'BBC News'}",,2020/02/28 20:00 GMT,The latest five minute news bulletin from BBC World Service.,https://www.bbc.co.uk/programmes/w172wy0v6f9n325,https://ichef.bbci.co.uk/images/ic/1200x675/p060dh18.jpg,2020-02-28T20:06:00Z,The latest five minute news bulletin from BBC World Service.
63,"{'id': 'bbc-news', 'name': 'BBC News'}",https://www.facebook.com/bbcnews,Coronavirus: Latest UK patient was infected in England,"It is unclear whether they caught it ""directly or indirectly"" from someone who returned from abroad.",https://www.bbc.co.uk/news/uk-51683428,https://ichef.bbci.co.uk/news/1024/branded_news/243C/production/_110967290_b6477138-5956-42a5-8799-440b20d324d0.jpg,2020-02-28T20:03:40Z,"Image copyrightReutersImage caption
 At least 621 people were infected on the Diamond Princess cruise ship in Japan
A patient diagnosed with coronavirus has become the first to catch it in the UK.
It is unclear whether this was ""directly or indirectly"" fro… [+1213 chars]"
64,"{'id': 'bbc-news', 'name': 'BBC News'}",https://www.facebook.com/bbcnews,Immigration: Conservative MP brands social care advice 'facile',"A Tory MP attacks the government for saying employers should ""redouble"" efforts to recruit UK staff.",https://www.bbc.co.uk/news/uk-politics-51682372,https://ichef.bbci.co.uk/news/1024/branded_news/177E4/production/_111082269_gettyimages-693238050.jpg,2020-02-28T19:58:14Z,"Image copyrightGetty Images
A minister has been criticised after saying social care employers should ""redouble"" their efforts to recruit UK workers ahead of immigration changes. 
A leader in the sector has described Helen Whately's remarks as ""lazy thinking… [+2658 chars]"
65,"{'id': 'bbc-news', 'name': 'BBC News'}",,Hibernian v Inverness CT: Rate the players in the Scottish Cup quarter-finals,Rate the players as Hibernian host Inverness Caledonian Thistle in the Scottish Cup at Easter Road.,https://www.bbc.co.uk/sport/football/51683293,https://ichef.bbci.co.uk/onesport/cps/624/cpsprodpb/A812/production/_110562034_scottishcupplayerrater.png,2020-02-28T19:49:56Z,
66,"{'id': 'bbc-news', 'name': 'BBC News'}",,Kiko Casilla: Leeds goalkeeper gets eight-match ban for racism,"Leeds United keeper Kiko Casilla is banned for eight matches and fined £60,000 after being found guilty of racial abuse.",https://www.bbc.co.uk/sport/football/51628153,https://ichef.bbci.co.uk/onesport/cps/624/cpsprodpb/13590/production/_97584297_breaking_news.png,2020-02-28T19:35:04Z,"Leeds United goalkeeper Kiko Casilla has been banned for eight matches and fined £60,000 after being found guilty of racially abusing Charlton Athletic forward Jonathan Leko.
The 33-year-old, who denied the charge, has also been ordered to attend a face-to-f… [+202 chars]"
67,"{'id': 'bbc-news', 'name': 'BBC News'}",BBC Radio 4,"News Quiz: Contagion, Chlorination, Aviation and Mispronunciation","Nish Kumar welcomes Angela Barnes, Catherine Bohart, Andy Zaltzman and Paul Sinha.",https://www.bbc.co.uk/programmes/p08547n0,https://ichef.bbci.co.uk/images/ic/1200x675/p07kfw1k.jpg,2020-02-28T19:20:00Z,"Nish Kumar welcomes Angela Barnes, Catherine Bohart, Andy Zaltzman and Paul Sinha."
68,"{'id': 'bbc-news', 'name': 'BBC News'}",,2020/02/28 19:00 GMT,The latest five minute news bulletin from BBC World Service.,https://www.bbc.co.uk/programmes/w172wy0v6f9mzb1,https://ichef.bbci.co.uk/images/ic/1200x675/p060dh18.jpg,2020-02-28T19:06:00Z,The latest five minute news bulletin from BBC World Service.
69,"{'id': 'bbc-news', 'name': 'BBC News'}",BBC News,Motherwell's Stephen Robinson cleared of assaulting his partner,"Robyn Lauchlan, Mr Robinson's partner, was critical of both the police and the Crown over the case.",https://www.bbc.co.uk/news/av/uk-scotland-51682960/motherwell-s-stephen-robinson-cleared-of-assaulting-his-partner,https://ichef.bbci.co.uk/news/1024/branded_news/171FE/production/_111081749_p0854hwj.jpg,2020-02-28T18:52:14Z,
70,"{'id': 'bbc-news', 'name': 'BBC News'}",https://www.facebook.com/bbcnews,Garth Brooks faces backlash after Sanders mix-up online,Country music singer Garth Brooks faces a backlash online as fans mistake Barry Sanders for Bernie,https://www.bbc.co.uk/news/world-us-canada-51679570,https://ichef.bbci.co.uk/news/1024/branded_news/4C1F/production/_111078491_newproject.jpg,2020-02-28T18:44:56Z,"Image copyrightGetty ImagesImage caption
 American football star Barry Sanders, left, is not Democratic socialist Bernie Sanders, right
Barry Sanders is an African-American former professional football player known for his stint with the Detroit Lions.
Ber… [+2163 chars]"
71,"{'id': 'bbc-news', 'name': 'BBC News'}",BBC News,Paris Gare de Lyon: Major fire forces station evacuation,"A large blaze breaks out at the Gare de Lyon station, with police reporting ""unacceptable incidents"".",https://www.bbc.co.uk/news/av/world-europe-51681712/paris-gare-de-lyon-major-fire-forces-station-evacuation,https://ichef.bbci.co.uk/news/1024/branded_news/5F58/production/_111080442_p0854j6t.jpg,2020-02-28T18:43:40Z,
72,"{'id': 'bbc-news', 'name': 'BBC News'}",https://www.facebook.com/bbcnews,London mayor candidate pledges hotel levy to fund police,"Conservative Shaun Bailey says he will pay for 9,000 addition police through a hotel tax.",https://www.bbc.co.uk/news/uk-england-london-51677356,https://ichef.bbci.co.uk/news/1024/branded_news/3A09/production/_111075841_hi060297976.jpg,2020-02-28T18:30:21Z,"Image copyrightLuke Powell/PAImage caption
 Shaun Bailey has pledged a 28% increase in police numbers should he be voted into office
The Conservative candidate vying to be London's next mayor is planning to introduce a hotel tax to help pay for almost 9,000… [+2403 chars]"
73,"{'id': 'bbc-news', 'name': 'BBC News'}",BBC News,UK coronavirus: 'Boris Johnson is becoming a part-time PM',"Shadow Health Secretary Jonathan Ashworth calls on Boris Johnson to ""get a grip"" on the coronavirus situation.",https://www.bbc.co.uk/news/av/health-51682630/uk-coronavirus-boris-johnson-is-becoming-a-part-time-pm,https://ichef.bbci.co.uk/news/1024/branded_news/174BA/production/_111081459_p0854drb.jpg,2020-02-28T18:27:07Z,
74,"{'id': 'bbc-news', 'name': 'BBC News'}",https://www.facebook.com/bbcnews,"Royal Mint hopes to sell £100,000 piggy bank","The Royal Mint said it has had ""expressions of interest"" in the £100,000 made-to-order item.",https://www.bbc.co.uk/news/uk-england-bristol-51678850,https://ichef.bbci.co.uk/news/1024/branded_news/14935/production/_111077248_piggybank_1.jpg,2020-02-28T18:19:22Z,"Image copyrightPA MediaImage caption
 An artist's impression of the £100,000 piggy bank has been created but an actual gold piggy bank has yet to be made
An 18-carat gold hand-crafted piggy bank costing £100,000 is being offered made-to-order by the Royal M… [+1372 chars]"
75,"{'id': 'bbc-news', 'name': 'BBC News'}",https://www.facebook.com/bbcnews,Coronavirus: Risk of spread upgraded to highest level,"The World Health Organization says healthcare systems are still unprepared, but containment is possible.",https://www.bbc.co.uk/news/world-51680560,https://ichef.bbci.co.uk/news/1024/branded_news/A79C/production/_111080924_hi060306773.jpg,2020-02-28T18:11:56Z,"Image copyrightAFPImage caption
 The WHO has raised the risk but data shows there is not yet a global pandemic
The World Health Organization (WHO) has upgraded the global risk of the coronavirus outbreak to ""very high"" - its top level of risk assessment.
B… [+3460 chars]"
76,"{'id': 'bbc-news', 'name': 'BBC News'}",,Formula 1: Ferrari reach settlement over engine investigation,"Formula 1's governing body says it has ""reached a settlement"" with Ferrari following an investigation into the engine it raced last year.",https://www.bbc.co.uk/sport/formula1/51681804,https://ichef.bbci.co.uk/onesport/cps/624/cpsprodpb/1689E/production/_111081329_binotto.jpg,2020-02-28T18:09:01Z,"The Australian Grand Prix is live on 5 Live and the BBC Sport website on March 15
Formula 1's governing body says it has ""reached a settlement"" with Ferrari following an investigation into the engine it raced last year.
The FIA looked into claims Ferrari ha… [+1747 chars]"
77,"{'id': 'bbc-news', 'name': 'BBC News'}",,2020/02/28 18:00 GMT,The latest five minute news bulletin from BBC World Service.,https://www.bbc.co.uk/programmes/w172wy0v6f9mvkx,https://ichef.bbci.co.uk/images/ic/1200x675/p060dh18.jpg,2020-02-28T18:06:00Z,The latest five minute news bulletin from BBC World Service.
78,"{'id': 'bbc-news', 'name': 'BBC News'}",https://www.facebook.com/bbcnews,Huntington's disease: Woman with gene fails in bid to sue NHS,"A woman claimed the NHS had a duty of care to tell her about her father's fatal, inherited brain condition.",https://www.bbc.co.uk/news/uk-51680980,https://ichef.bbci.co.uk/news/1024/branded_news/041C/production/_109725010_gettyimages-1081360114.jpg,2020-02-28T17:58:21Z,"Image copyrightGetty ImagesImage caption
 The case has been heard at the Royal Courts of Justice in London
A woman who claimed she would have had an abortion if she had known her father had a fatal, inherited brain condition has failed in her bid to sue the… [+2612 chars]"
79,"{'id': 'bbc-news', 'name': 'BBC News'}",https://www.facebook.com/bbcnews,Witness appeal after lorry hits police car on A92 in Fife,An officer in his 40s remains in hospital after the crash on the A92 crash in Fife.,https://www.bbc.co.uk/news/uk-scotland-edinburgh-east-fife-51681150,https://ichef.bbci.co.uk/news/1024/branded_news/8C56/production/_111062953_policecarcrash.jpg,2020-02-28T17:54:34Z,"Image copyrightFife Jammer LocationsImage caption
 The police BMW X5 ended up in a ditch
Police are appealing for witnesses following a crash on the A92 in Fife which saw an officer seriously injured.
Two male officers in a BMW X5 were travelling westbound… [+941 chars]"
80,"{'id': 'bbc-news', 'name': 'BBC News'}",https://www.facebook.com/bbcnews,Paris Gare de Lyon: Major fire forces station evacuation,"Police said there had been ""unacceptable incidents"" linked to a nearby concert.",https://www.bbc.co.uk/news/world-europe-51682230,https://ichef.bbci.co.uk/news/1024/branded_news/CBE5/production/_111079125_mediaitem111079122.jpg,2020-02-28T17:51:25Z,"Image copyrightTwiiter/@Fred_BtlImage caption
 Footage showed large plumes of smoke rising above the station
A large fire has broken out at a major Paris train station, with police reporting ""unacceptable incidents"" ahead of a nearby concert.
The Gare de L… [+606 chars]"
81,"{'id': 'bbc-news', 'name': 'BBC News'}",BBC News,Boris Johnson advises people to wash hands to avoid coronavirus,"Boris Johnson says washing hands for 20 seconds or more is the ""best single piece of advice we can give"".",https://www.bbc.co.uk/news/av/uk-politics-51682581/boris-johnson-advises-people-to-wash-hands-to-avoid-coronavirus,https://ichef.bbci.co.uk/news/1024/branded_news/17FAA/production/_111081289_p0854bzr.jpg,2020-02-28T17:49:00Z,
82,"{'id': 'bbc-news', 'name': 'BBC News'}",,Steve Stone: Burnley coach returns to work following independent investigation,Burnley Under-23s coach Steve Stone returns to work at the club after the conclusion of an independent investigation.,https://www.bbc.co.uk/sport/football/51679296,https://ichef.bbci.co.uk/onesport/cps/624/cpsprodpb/563C/production/_109467022_gettyimages-466081552.jpg,2020-02-28T17:37:48Z,"Steve Stone made three appearances for England at Euro 96 where they reached the semi-finals
Burnley Under-23s coach Steve Stone has returned to work at the club following the conclusion of an independent investigation.
The 48-year-old was placed on an ""agr… [+595 chars]"
83,"{'id': 'bbc-news', 'name': 'BBC News'}",https://www.facebook.com/bbcnews,Firefighters in Scotland reject pay deal for second time,"Union members were offered a pay rise in exchange for new responsibilities including responding to ""slips, trips and falls"".",https://www.bbc.co.uk/news/uk-scotland-51680030,https://ichef.bbci.co.uk/news/1024/branded_news/16553/production/_110257419_firefighters.jpg,2020-02-28T17:23:13Z,"Image copyrightPA MediaImage caption
 Firefighters at the national training centre in Cambuslang
Firefighters in Scotland have rejected a pay offer which they said would have meant taking on significant new work. 
It is the second time union members have r… [+2087 chars]"
84,"{'id': 'bbc-news', 'name': 'BBC News'}",https://www.facebook.com/bbcnews,Concrete barriers put on Suffolk road to enforce '28-mile detour',Tougher measures are installed at the site of roadworks which are due to last all year.,https://www.bbc.co.uk/news/uk-england-suffolk-51674057,https://ichef.bbci.co.uk/news/1024/branded_news/3347/production/_111072131_lakenheathroad.jpg,2020-02-28T17:22:11Z,"Image copyrightSuffolk County CouncilImage caption
 The road in Lakenheath will be shut until 31 December
Concrete bollards have been installed to enforce a 45-week road closure after motorists ""removed barriers"" to avoid a detours of up to 28 miles.
Farth… [+1560 chars]"
85,"{'id': 'bbc-news', 'name': 'BBC News'}",,Joey Barton: Fleetwood Town manager gets two-game touchline ban,Joey Barton gets a touchline ban for Fleetwood's next two games for using abusive language towards a match official.,https://www.bbc.co.uk/sport/football/51680804,https://ichef.bbci.co.uk/onesport/cps/624/cpsprodpb/5DC8/production/_111080042_joeybartonrex.jpg,2020-02-28T17:20:57Z,"Joey Barton's Fleetwood face Ipswich on Tuesday and then Blackpool on 7 March
Fleetwood Town boss Joey Barton has been given a two-game touchline ban after being found guilty of using abusive language towards an official.
The 37-year-old, who denied the cha… [+450 chars]"
86,"{'id': 'bbc-news', 'name': 'BBC News'}",,Formula 1: Valtteri Bottas fastest as testing concludes,Mercedes driver Valtteri Bottas ends pre-season testing with fastest lap - both on Friday's final day and overall.,https://www.bbc.co.uk/sport/formula1/51681800,https://ichef.bbci.co.uk/onesport/cps/624/cpsprodpb/C343/production/_111078994_bottas.jpg,2020-02-28T17:18:11Z,"Bottas won last year's Australian Grand Prix - live on 5 Live and the BBC Sport website on March 15
Mercedes driver Valtteri Bottas ended pre-season testing with fastest lap - both on Friday's final day and overall.
The Finn's performance underlined impress… [+3527 chars]"
87,"{'id': 'bbc-news', 'name': 'BBC News'}",,2020/02/28 17:00 GMT,The latest five minute news bulletin from BBC World Service.,https://www.bbc.co.uk/programmes/w172wy0v6f9mqts,https://ichef.bbci.co.uk/images/ic/1200x675/p060dh18.jpg,2020-02-28T17:06:00Z,The latest five minute news bulletin from BBC World Service.
88,"{'id': 'bbc-news', 'name': 'BBC News'}",https://www.facebook.com/bbcnews,Cross-Channel roof box people smuggler jailed,"Two men and a 15-year-old girl were found in a locked, airless, car roof box, a court hears.",https://www.bbc.co.uk/news/uk-england-51445700,https://ichef.bbci.co.uk/news/1024/branded_news/96C1/production/_110839583_ad32ad9c-db10-400b-9537-4b27866bc919.jpg,2020-02-28T17:02:56Z,"Image copyrightHome OfficeImage caption
 The three people were found in the locked airless roof box by Border Force officers
A man who smuggled three Vietnamese people into the UK in a car roof box has been jailed for thee years.
Robert Rooney, 34, was sto… [+1901 chars]"
89,"{'id': 'bbc-news', 'name': 'BBC News'}",https://www.facebook.com/bbcnews,UK top shares in worst week since financial crisis,UK's FTSE 100 share index hit by biggest one-week fall since 2008 financial crisis amid coronavirus fears,https://www.bbc.co.uk/news/business-51681620,https://ichef.bbci.co.uk/news/1024/branded_news/7A23/production/_97176213_breaking_news_bigger.png,2020-02-28T16:46:00Z,"UK's FTSE 100 share index hit by biggest one-week fall since 2008 financial crisis amid coronavirus fears
This breaking news story is being updated and more details will be published shortly. Please refresh the page for the fullest version.
You can receive … [+130 chars]"
90,"{'id': 'bbc-news', 'name': 'BBC News'}",BBC News,The music teacher who makes his own trombones,Dan Abisi learnt how to make brass instruments after he noticed a rise in popularity in schools.,https://www.bbc.co.uk/news/av/world-africa-51637873/the-music-teacher-who-makes-his-own-trombones,https://ichef.bbci.co.uk/news/1024/branded_news/15291/production/_111037668_p0853xf5.jpg,2020-02-28T16:45:18Z,
91,"{'id': 'bbc-news', 'name': 'BBC News'}",,Track Cycling World Championships: Laura Kenny crashes in women's omnium,Watch the dramatic moment Great Britain's Laura Kenny crashes in the women's omnium at the Track Cycling World Championships in Berlin.,https://www.bbc.co.uk/sport/av/football/51681080,https://ichef.bbci.co.uk/live-experience/cps/624/cpsprodpb/17699/production/_111079859_p0854157.jpg,2020-02-28T16:44:39Z,"Watch the terrifying moment Great Britain's Laura Kenny crashes in the women's omnium at the Track Cycling World Championships in Berlin
The two-time Olympic omnium champion needed stitches but was cleared by British Cycling to continue in the event after a … [+274 chars]"
92,"{'id': 'bbc-news', 'name': 'BBC News'}",https://www.facebook.com/bbcnews,Syria war: Turkey lets refugees exit towards Europe,"The move comes after 33 Turkish troops were killed in Syria, where 1m civilians are fleeing fighting.",https://www.bbc.co.uk/news/world-europe-51678462,https://ichef.bbci.co.uk/news/1024/branded_news/0895/production/_111079120_mediaitem111079119.jpg,2020-02-28T16:39:15Z,"Image copyrightReutersImage caption
 Some migrants have made their way to Greece's Kastanies border crossing - but the Greeks have closed it
Groups of refugees and migrants are heading towards the EU after Turkey said it would not abide by a deal to stop th… [+5334 chars]"
93,"{'id': 'bbc-news', 'name': 'BBC News'}",https://www.facebook.com/bbcnews,Motherwell manager acquitted of assault charges,Stephen Robinson had been accused of assaulting his partner Robyn Lauchlan in Edinburgh.,https://www.bbc.co.uk/news/uk-scotland-edinburgh-east-fife-51678004,https://ichef.bbci.co.uk/news/1024/branded_news/62BD/production/_111077252_motherwell2.jpg,2020-02-28T16:36:54Z,"Image copyrightAlan Simpson
Motherwell manager Stephen Robinson has been acquitted of assaulting his partner in Edinburgh last year.
Mr Robinson, 45, was on trial at at Edinburgh Sheriff Court accused of assaulting Robyn Lauchlan on Waverley Bridge on 13 De… [+392 chars]"
94,"{'id': 'bbc-news', 'name': 'BBC News'}",https://www.facebook.com/bbcnews,Why you should care about stock market movements,"Changes in the FTSE 100 and other indexes are not just for City types, they can affect our lives.",https://www.bbc.co.uk/news/business-51676600,https://ichef.bbci.co.uk/news/1024/branded_news/6DFD/production/_111075182_jiwxv3nc.jpg,2020-02-28T16:36:28Z,"Image copyrightReutersImage caption
 Traders are affected by stock market falls, but so are you
Big shifts in the stock market are often in the news, whether they are booms in the US or falls due to the coronavirus or the financial crisis.
As companies gro… [+1291 chars]"
95,"{'id': 'bbc-news', 'name': 'BBC News'}",,Syria: NATO appeals for halt to Idlib offensive after 33 Turkish soldiers killed,"Many Turkish soldiers died in Syrian government attack on opposition-held enclave. Russia, Syria's key ally, says Turkish troops were attacked by Syrian forces while operating alongside jihadist fighters. Also, Coronavirus has reached Nigeria - Africa's most …",https://www.bbc.co.uk/programmes/p08541vn,https://ichef.bbci.co.uk/images/ic/1200x675/p07zqpb8.jpg,2020-02-28T16:36:00Z,"Many Turkish soldiers died in Syrian government attack on opposition-held enclave. Russia, Syria's key ally, says Turkish troops were attacked by Syrian forces while operating alongside jihadist fighters. Also, Coronavirus has reached Nigeria - Africa's most … [+99 chars]"
96,"{'id': 'bbc-news', 'name': 'BBC News'}",https://www.facebook.com/bbcnews,Teen girl beats boys to 'make history' as state champion,Heaven Fitch overcame male wrestlers to become North Carolina's first girl to win a secondary school title.,https://www.bbc.co.uk/news/world-us-canada-51666728,https://ichef.bbci.co.uk/news/1024/branded_news/2C66/production/_111066311_74f47167-b9ab-44f5-b97a-52b7b055b7c7.jpg,2020-02-28T16:33:22Z,"Image copyrightHeaven FitchImage caption
 Heaven hugging her coach Chris Waddell immediately following her win
Girls-only wrestling is not recognised in North Carolina.
As is the case in many states across the US, there are not enough girls wrestling in se… [+2643 chars]"
97,"{'id': 'bbc-news', 'name': 'BBC News'}",https://www.facebook.com/bbcnews,Neomi Smith: Murder accused claimed two men attacked girlfriend,Keith Rizzo denies killing 23-year-old Neomi Smith - who was originally from Aberdeen - in Brechin.,https://www.bbc.co.uk/news/uk-scotland-tayside-central-51674219,https://ichef.bbci.co.uk/news/1024/branded_news/101BE/production/_109128956_collageneomi.jpg,2020-02-28T16:30:20Z,"Image copyrightPolice Scotland/BBCImage caption
 Neomi Smith died last year
A man accused of murdering his partner claimed two men attacked her and told him ""this is not the first time we have done this"", a trial has heard.
Keith Rizzo denies killing 23-ye… [+1783 chars]"
98,"{'id': 'bbc-news', 'name': 'BBC News'}",https://www.facebook.com/bbcnews,People 'scaling Gateshead farm shop' to save hens,Police have warned people to stop jumping over the 6ft wall to claim the free chickens in Gateshead.,https://www.bbc.co.uk/news/uk-england-tyne-51676262,https://ichef.bbci.co.uk/news/1024/branded_news/C893/production/_111074315_mediaitem111074313.jpg,2020-02-28T16:19:09Z,"Image copyrightGoogleImage caption
 Oaklands Market Garden was not open for visitors on Friday, police said
People have been scaling the walls of a farm shop to collect hundreds of hens left homeless after the manager died. 
A Facebook post said the chicke… [+1314 chars]"
99,"{'id': 'bbc-news', 'name': 'BBC News'}",https://www.facebook.com/bbcnews,Call for free ferry travel for under-19s in Scotland,An islands ferry users group asks ministers to consider an equivalent of the planned free bus travel scheme.,https://www.bbc.co.uk/news/uk-scotland-highlands-islands-51676661,https://ichef.bbci.co.uk/news/1024/branded_news/BE93/production/_111078784_calmac.jpg,2020-02-28T16:16:50Z,"Image copyrightGetty Images
The Scottish government has been asked to extend its free bus travel scheme for under-19s to include ferries.
A group set up to represent communities reliant on Caledonian MacBrayne's west coast services has made the call.
The C… [+657 chars]"
